Workbook

Sheet ticket
A1: ticket_id | B1: cms_id | C1: outlet_id | D1: created_at | E1: closed_at | F1: same day? | G1: Same Hour | J1: outlet_id | K1: Same Day Count | L1: Same Hour Count
A2: T001 | B2: CMS101 | C2: OUT001 | D2: 46113.427 | E2: 46113.448 | F2: =INT(D2)=INT(E2) -> TRUE | G2: =AND(INT(D2)=INT(E2),HOUR(D2)=HOUR(E2)) -> TRUE | J2: OUT001 | K2: =COUNTIFS(C:C,J2,F:F,TRUE) -> 3 | L2: =COUNTIFS(C:C,J2,G:G,TRUE) -> 2
A3: T002 | B3: CMS102 | C3: OUT001 | D3: 46113.472 | E3: 46113.59 | F3: =INT(D3)=INT(E3) -> TRUE | G3: =AND(INT(D3)=INT(E3),HOUR(D3)=HOUR(E3)) -> FALSE | J3: OUT001 | K3: =COUNTIFS(C:C,J3,F:F,TRUE) -> 3 | L3: =COUNTIFS(C:C,J3,G:G,TRUE) -> 2
A4: T003 | B4: CMS103 | C4: OUT002 | D4: 46114.375 | E4: 46115.396 | F4: =INT(D4)=INT(E4) -> FALSE | G4: =AND(INT(D4)=INT(E4),HOUR(D4)=HOUR(E4)) -> FALSE | J4: OUT002 | K4: =COUNTIFS(C:C,J4,F:F,TRUE) -> 1 | L4: =COUNTIFS(C:C,J4,G:G,TRUE) -> 1
A5: T004 | B5: CMS104 | C5: OUT002 | D5: 46114.632 | E5: 46114.663 | F5: =INT(D5)=INT(E5) -> TRUE | G5: =AND(INT(D5)=INT(E5),HOUR(D5)=HOUR(E5)) -> TRUE | J5: OUT002 | K5: =COUNTIFS(C:C,J5,F:F,TRUE) -> 1 | L5: =COUNTIFS(C:C,J5,G:G,TRUE) -> 1
A6: T005 | B6: CMS105 | C6: OUT003 | D6: 46115.354 | E6: 46115.521 | F6: =INT(D6)=INT(E6) -> TRUE | G6: =AND(INT(D6)=INT(E6),HOUR(D6)=HOUR(E6)) -> FALSE | J6: OUT003 | K6: =COUNTIFS(C:C,J6,F:F,TRUE) -> 2 | L6: =COUNTIFS(C:C,J6,G:G,TRUE) -> 1
A7: T006 | B7: CMS106 | C7: OUT003 | D7: 46115.667 | E7: 46115.681 | F7: =INT(D7)=INT(E7) -> TRUE | G7: =AND(INT(D7)=INT(E7),HOUR(D7)=HOUR(E7)) -> TRUE | J7: OUT003 | K7: =COUNTIFS(C:C,J7,F:F,TRUE) -> 2 | L7: =COUNTIFS(C:C,J7,G:G,TRUE) -> 1
A8: T007 | B8: CMS107 | C8: OUT001 | D8: 46116.382 | E8: 46116.41 | F8: =INT(D8)=INT(E8) -> TRUE | G8: =AND(INT(D8)=INT(E8),HOUR(D8)=HOUR(E8)) -> TRUE | J8: OUT001 | K8: =COUNTIFS(C:C,J8,F:F,TRUE) -> 3 | L8: =COUNTIFS(C:C,J8,G:G,TRUE) -> 2
A9: T008 | B9: CMS108 | C9: OUT002 | D9: 46116.542 | E9: 46117.417 | F9: =INT(D9)=INT(E9) -> FALSE | G9: =AND(INT(D9)=INT(E9),HOUR(D9)=HOUR(E9)) -> FALSE | J9: OUT002 | K9: =COUNTIFS(C:C,J9,F:F,TRUE) -> 1 | L9: =COUNTIFS(C:C,J9,G:G,TRUE) -> 1

Sheet feedbacks
A1: feedback_id | B1: cms_id | C1: customer_name | D1: feedback_rating | E1: feedback_at | F1: ticket_created_at
A2: F001 | B2: CMS101 | C2: Rahul | D2: 5 | E2: 46113.5 | F2: =INDEX(ticket!D:D,MATCH(B2,ticket!B:B,0)) -> 46113.427
A3: F002 | B3: CMS102 | C3: Sneha | D3: 4 | E3: 46113.625 | F3: =INDEX(ticket!D:D,MATCH(B3,ticket!B:B,0)) -> 46113.472
A4: F003 | B4: CMS103 | C4: Arjun | D4: 2 | E4: 46115.458 | F4: =INDEX(ticket!D:D,MATCH(B4,ticket!B:B,0)) -> 46114.375
A5: F004 | B5: CMS104 | C5: Priya | D5: 5 | E5: 46114.708 | F5: =INDEX(ticket!D:D,MATCH(B5,ticket!B:B,0)) -> 46114.632
A6: F005 | B6: CMS105 | C6: Kiran | D6: 3 | E6: 46115.583 | F6: =INDEX(ticket!D:D,MATCH(B6,ticket!B:B,0)) -> 46115.354
A7: F006 | B7: CMS106 | C7: Meena | D7: 4 | E7: 46115.708 | F7: =INDEX(ticket!D:D,MATCH(B7,ticket!B:B,0)) -> 46115.667
A8: F007 | B8: CMS107 | C8: Akash | D8: 5 | E8: 46116.458 | F8: =INDEX(ticket!D:D,MATCH(B8,ticket!B:B,0)) -> 46116.382
A9: F008 | B9: CMS108 | C9: Divya | D9: 2 | E9: 46117.5 | F9: =INDEX(ticket!D:D,MATCH(B9,ticket!B:B,0)) -> 46116.542
